Name,Handedness,Weight(kg),Height(cm),BMI,Batting Average,Home Runs
Stefan Wever,R,80,245,13.32778009,0,0
Dave Lemanczyk,R,76,235,13.76188321,0,0
Dave Frost,R,78,235,14.12403803,0,0
Mike Epstein,L,75,230,14.17769376,0.244,130
Boog Powell,L,76,230,14.36672968,0.266,339
Steve Renko,R,77,230,14.5557656,0.215,6
John Ellis,R,74,225,14.61728395,0.262,69
Gates Brown,L,71,220,14.66942149,0.257,84
Ben Callahan,R,79,230,14.93383743,0,0
Greg Luzinski,R,73,220,15.08264463,0.276,307
Walt Bond,L,79,228,15.19698369,0.256,41
Bryan Clutterbuck,R,76,223,15.28283295,0,0
Don Leppert,R,74,220,15.2892562,0.229,15
Rick Henninger,R,78,225,15.40740741,0,0
Bob Ferris,R,78,225,15.40740741,0,0
Bruce Tanner,L,75,220,15.49586777,0,0
Willie Aikens,L,75,220,15.49586777,0.271,110
Joe Foy,R,72,215,15.57598702,0.248,58
Willie Mueller,R,76,220,15.70247934,0,0
Johnny Edwards,L,76,220,15.70247934,0.242,81
Kevin Mmahat,L,77,220,15.90909091,0,0
Curt Wardle,L,77,220,15.90909091,0,0
Fran Healy,R,77,220,15.90909091,0.25,20
Mark Mercer,L,77,220,15.90909091,0,0
Tom Egan,R,76,218,15.99191987,0.2,22
Jeff Newman,R,74,215,16.00865333,0.224,63
Mark Smith,R,74,215,16.00865333,0,0
Lamar Johnson,R,74,215,16.00865333,0.287,64
Doc Edwards,R,74,215,16.00865333,0.238,15
Ray Fosse,R,74,215,16.00865333,0.256,61
Dave Nicholson,R,74,215,16.00865333,0.212,61
Dave Roberts,R,75,215,16.22498648,0.239,49
Charlie Spikes,R,75,215,16.22498648,0.246,65
John Mayberry,L,75,215,16.22498648,0.253,255
John Orsino,R,75,215,16.22498648,0.249,40
Brant Alyea,R,75,215,16.22498648,0.247,38
Earl Williams,R,75,215,16.22498648,0.247,138
J.R. Richard,R,80,222,16.23244866,0.168,10
Willie Horton,R,71,209,16.25420663,0.273,325
Tony Solaita,L,72,210,16.32653061,0.255,50
Tony Cloninger,R,72,210,16.32653061,0.192,11
Larry Dierker,R,76,215,16.44131963,0.136,4
Randy Nosek,R,76,215,16.44131963,0,0
Tom Paciorek,R,76,215,16.44131963,0.282,86
Cliff Johnson,R,76,215,16.44131963,0.258,196
Dave Hostetler,R,76,215,16.44131963,0.229,37
Joe Torre,R,74,212,16.46493414,0.297,252
Steve Ellsworth,R,80,220,16.52892562,0,0
Burt Hooton,R,73,210,16.55328798,0.123,4
Mark Brouhard,R,73,210,16.55328798,0.259,25
Steve Curry,R,78,217,16.56437809,0,0
Britt Burns,L,77,215,16.65765279,0,0
Tim Laudner,R,75,212,16.68743325,0.225,77
Ken Phelps,L,73,209,16.71207161,0.239,123
Wayne Gross,L,74,210,16.78004535,0.233,121
Gorman Thomas,R,74,210,16.78004535,0.225,268
Rick Anderson,R,74,210,16.78004535,0,0
Bob Brenly,R,74,210,16.78004535,0.247,91
Terry Wilshusen,R,74,210,16.78004535,0,0
Mike Jones,L,78,215,16.87398594,0,0
Ron Reed,R,78,215,16.87398594,0.158,0
Sam Hinds,R,78,215,16.87398594,0,0
Bud Anderson,R,75,210,17.00680272,0,0
Dave Engle,R,75,210,17.00680272,0.262,31
Tony Horton,R,75,210,17.00680272,0.268,76
Craig Kusick,R,75,210,17.00680272,0.235,46
John Bateman,R,75,210,17.00680272,0.23,81
Rick Reichardt,R,75,210,17.00680272,0.261,116
Jerry Moses,R,75,210,17.00680272,0.251,25
Jeff Jones,R,75,210,17.00680272,0,0
Doug Rader,R,74,208,17.10428994,0.251,155
Pat Putnam,L,72,205,17.13265913,0.255,63
Alex Johnson,R,72,205,17.13265913,0.288,78
Ken Singleton,B,76,210,17.23356009,0.282,246
Mike Loynd,R,76,210,17.23356009,0,0
Bill Moran,R,76,210,17.23356009,0,0
Bob Kammeyer,R,76,210,17.23356009,0,0
Glenn Borgmann,R,76,210,17.23356009,0.229,16
Mike Parrott,R,76,210,17.23356009,0,0
Len Gabrielson,L,76,210,17.23356009,0.253,37
Steve Carlton,L,76,210,17.23356009,0.201,13
Dave Revering,L,76,210,17.23356009,0.265,62
Al Jones,R,76,210,17.23356009,0,0
Mike Smithson,L,80,215,17.30665224,0,0
Cardell Camper,R,75,208,17.33542899,0,0
Bob Veale,B,78,212,17.35493058,0.114,0
Bob Galasso,L,73,205,17.37061273,0,0
Donn Clendenon,R,76,209,17.39886907,0.274,159
Barry Cort,R,77,210,17.46031746,0,0
Bob Babcock,R,77,210,17.46031746,0,0
John Poloni,L,77,210,17.46031746,0,0
Jeff Holly,L,77,210,17.46031746,0,0
Steve Huntz,B,73,204,17.54133026,0.206,16
Mike Ryan,R,74,205,17.60856633,0.193,28
Jerry Koosman,R,74,205,17.60856633,0.119,2
Steve Swisher,R,74,205,17.60856633,0.216,20
Larry Biittner,L,74,205,17.60856633,0.273,29
Mitchell Page,L,74,205,17.60856633,0.266,72
Wayne Nordhagen,R,74,205,17.60856633,0.282,39
Steve Senteney,R,74,205,17.60856633,0,0
John Wathan,R,74,205,17.60856633,0.262,21
Champ Summers,L,74,205,17.60856633,0.255,54
Joe Charboneau,R,74,205,17.60856633,0.266,29
Mike Willis,L,74,205,17.60856633,0,0
Dave Kingman,R,78,210,17.68707483,0.236,442
Steve Adkins,R,78,210,17.68707483,0,0
Jack Lazorko,R,71,200,17.75,0,0
Carlos May,L,71,200,17.75,0.274,90
Bob Watson,R,72,201,17.82134106,0.295,184
John Trautwein,R,75,205,17.84651993,0,0
Marc Hill,R,75,205,17.84651993,0.223,34
Ed Kranepool,L,75,205,17.84651993,0.261,118
Andy Beene,R,75,205,17.84651993,0,0
Gary Roenicke,R,75,205,17.84651993,0.247,121
Bruce Bochy,R,75,205,17.84651993,0.239,26
Andy Kosco,R,75,205,17.84651993,0.236,73
Gary Wheelock,R,75,205,17.84651993,0,0
Don Mincher,L,75,205,17.84651993,0.249,200
Mike Ivie,R,75,205,17.84651993,0.269,81
Frank Dimichele,R,75,205,17.84651993,0,0
Jerry Narron,L,75,205,17.84651993,0.211,21
Greg Walker,L,75,205,17.84651993,0.26,113
Don Kainer,R,75,205,17.84651993,0,0
Barry Foote,R,75,205,17.84651993,0.23,57
Bob Oliver,R,75,205,17.84651993,0.256,94
Jim Barr,R,75,205,17.84651993,0.162,1
Larry Pashnick,R,75,205,17.84651993,0,0
Gail Hopkins,L,70,198,17.85532089,0.266,25
Darryl Motley,R,69,196,17.96126614,0.243,44
Dick Bertell,R,72,200,18,0.25,10
Carmen Fanzone,R,72,200,18,0.224,20
Bill Fahey,L,72,200,18,0.241,7
Ron Jackson,R,72,200,18,0.259,56
Carl Morton,R,72,200,18,0.156,7
Ray Culp,R,72,200,18,0.123,1
Ron LeFlore,R,72,200,18,0.288,59
Brian Denman,R,76,205,18.08447353,0,0
Gary Beare,R,76,205,18.08447353,0,0
Bob Tillman,R,76,205,18.08447353,0.232,79
Sherman Corbett,L,76,205,18.08447353,0,0
Mike Rochford,L,76,205,18.08447353,0,0
Don Welchel,R,76,205,18.08447353,0,0
Gaylord Perry,R,76,205,18.08447353,0.131,6
Jeff Rineer,L,76,205,18.08447353,0,0
Ellis Valentine,R,76,205,18.08447353,0.278,123
Butch Edge,R,75,203,18.19990779,0,0
Bill Freehan,R,75,203,18.19990779,0.262,200
Rick Sweet,B,73,200,18.25,0.234,6
Jeff Burroughs,R,73,200,18.25,0.261,240
Andy Messersmith,R,73,200,18.25,0.17,5
Richie Zisk,R,73,200,18.25,0.287,207
Matt Williams,R,73,200,18.25,0,0
Hal King,L,73,200,18.25,0.214,24
Al Ferrara,R,73,200,18.25,0.259,51
Dan Morogiello,L,73,200,18.25,0,0
Howie Goss,R,76,204,18.26220684,0.216,11
Andy Replogle,R,77,205,18.32242713,0,0
Vance Lovelace,L,77,205,18.32242713,0,0
Fergie Jenkins,R,77,205,18.32242713,0.165,13
Joel Davis,L,77,205,18.32242713,0,0
Jim Wright,R,77,205,18.32242713,0,0
Mike Krukow,R,77,205,18.32242713,0.193,5
Clay Christiansen,R,77,205,18.32242713,0,0
George Vukovich,L,72,198,18.36547291,0.268,27
Mike Brumley,L,70,195,18.40894149,0.229,5
Darrell Evans,L,74,200,18.5,0.248,414
Dave Skaggs,R,74,200,18.5,0.241,3
Jeffrey Leonard,R,74,200,18.5,0.266,144
Steve Burke,B,74,200,18.5,0,0
Bill Melton,R,74,200,18.5,0.253,160
George Scott,R,74,200,18.5,0.268,271
Pete LaCock,L,74,200,18.5,0.257,27
Steve Cummings,B,74,200,18.5,0,0
Mickey Hatcher,R,74,200,18.5,0.28,38
Deron Johnson,R,74,200,18.5,0.244,245
Paul Boris,R,74,200,18.5,0,0
Bill Nahorodny,R,74,200,18.5,0.241,25
Carl Taylor,R,74,200,18.5,0.266,10
Bill Schroeder,R,74,200,18.5,0.24,61
Hal Breeden,R,74,200,18.5,0.243,21
Mike Anderson,R,74,200,18.5,0.246,28
Joe Rudi,R,74,200,18.5,0.264,179
Jim Rice,R,74,200,18.5,0.298,382
Dick Nen,L,74,200,18.5,0.224,21
John Leister,R,74,200,18.5,0,0
Joe Ferguson,R,74,200,18.5,0.24,122
Joe Lahoud,L,73,198,18.62054892,0.223,65
Doug Camilli,R,71,195,18.67192636,0.199,18
Tommie Agee,R,71,195,18.67192636,0.255,130
Ed Kirkpatrick,L,71,195,18.67192636,0.238,85
Mike Walters,R,77,203,18.68523866,0,0
Leron Lee,L,72,196,18.74219075,0.25,31
Bob Fallon,L,75,200,18.75,0,0
Nick Esasky,R,75,200,18.75,0.25,122
Dean Chance,R,75,200,18.75,0.066,0
Roger Miller,R,75,200,18.75,0,0
Rico Carty,R,75,200,18.75,0.299,204
Andre Thornton,R,75,200,18.75,0.254,253
Tom Buskey,R,75,200,18.75,0,0
Leon Roberts,R,75,200,18.75,0.267,78
Doug Ault,R,75,200,18.75,0.236,17
Willie Crawford,L,73,197,18.81006983,0.268,86
Terry Whitfield,L,73,197,18.81006983,0.281,33
Al Cowens,R,73,197,18.81006983,0.27,108
Johnny Bench,R,73,197,18.81006983,0.267,389
Danny Walton,R,72,195,18.93491124,0.223,28
Ralph Botting,L,72,195,18.93491124,0,0
Sal Bando,R,72,195,18.93491124,0.254,242
Glenn Burke,R,72,195,18.93491124,0.237,2
Al Oliver,L,72,195,18.93491124,0.303,219
Kevin Bell,R,72,195,18.93491124,0.222,13
Joe Hague,L,72,195,18.93491124,0.239,40
Chris Bando,B,72,195,18.93491124,0.227,27
Reggie Jackson,L,72,195,18.93491124,0.262,563
Steve Kemp,L,72,195,18.93491124,0.278,130
Mike Hargrove,L,72,195,18.93491124,0.29,80
Jeff Torborg,R,72,195,18.93491124,0.214,8
Howard Bailey,R,72,195,18.93491124,0,0
Steve Barber,L,72,195,18.93491124,0.115,5
Jim Rooker,R,72,195,18.93491124,0.201,7
Mike Jorgensen,L,72,195,18.93491124,0.243,95
Steve Garvey,R,70,192,18.98871528,0.294,272
Jim Siwy,R,76,200,19,0,0
Billy Bryan,L,76,200,19,0.216,41
Steve Barr,L,76,200,19,0,0
Mark Clear,R,76,200,19,0,0
Jaime Cocanower,R,76,200,19,0,0
Larry Monroe,R,76,200,19,0,0
Bob Forsch,R,76,200,19,0.213,12
Rick Steirer,R,76,200,19,0,0
Jason Thompson,L,76,200,19,0.261,208
Ted Simmons,B,71,193,19.06091439,0.285,248
Gary Nolan,R,74,197,19.06774202,0.138,1
Duke Sims,L,74,197,19.06774202,0.239,100
Jim Traber,L,72,194,19.13061962,0.227,27
Al Lachowicz,R,75,198,19.13070095,0,0
Jerry Ujdur,R,73,195,19.19789612,0,0
Chris Chambliss,L,73,195,19.19789612,0.279,185
Dave McKay,B,73,195,19.19789612,0.229,21
Paul Mitchell,R,73,195,19.19789612,0,0
Leroy Stanton,R,73,195,19.19789612,0.244,77
Bob Montgomery,R,73,195,19.19789612,0.258,23
Danny Goodwin,L,73,195,19.19789612,0.236,13
Dick Dietz,R,73,195,19.19789612,0.261,66
Dick Billings,R,73,195,19.19789612,0.227,16
Chuck Hockenbery,B,73,195,19.19789612,0,0
Ed Herrmann,L,73,195,19.19789612,0.24,80
Charlie James,R,73,195,19.19789612,0.255,29
Bob Horner,R,73,195,19.19789612,0.277,218
Jim Farr,R,73,195,19.19789612,0,0
Tucker Ashford,R,73,195,19.19789612,0.218,6
Richie Hebner,L,73,195,19.19789612,0.276,203
Steve Davis,L,73,195,19.19789612,0,0
Tom Seaver,R,73,195,19.19789612,0.154,12
Jerry Martin,R,73,195,19.19789612,0.251,85
John Boccabella,R,73,195,19.19789612,0.219,26
Rick Sofield,L,73,195,19.19789612,0.243,9
Sandy Wihtol,R,73,195,19.19789612,0,0
Bob Robertson,R,73,195,19.19789612,0.242,115
Russ Gibson,R,73,195,19.19789612,0.228,8
Ron Blomberg,L,73,195,19.19789612,0.293,52
Paul Hartzell,R,77,200,19.25,0,0
Jerry Reuss,L,77,200,19.25,0.167,1
Jeff Schattinger,L,77,200,19.25,0,0
Jim Lonborg,R,77,200,19.25,0.136,3
Gary Christenson,L,77,200,19.25,0,0
Steve Brown,R,77,200,19.25,0,0
Ray Burris,R,77,200,19.25,0.151,1
Pete Rose,B,71,192,19.25998264,0.303,160
Bob Chance,L,74,196,19.26280716,0.261,24
Woodie Fryman,R,75,197,19.32541421,0.138,2
Manny Sanguillen,R,72,193,19.32937797,0.296,65
Darrell Porter,L,72,193,19.32937797,0.247,188
Buck Martinez,R,70,190,19.39058172,0.225,58
Merv Rettenmund,R,70,190,19.39058172,0.271,66
Jim Fairey,L,70,190,19.39058172,0.235,7
Ed Ott,L,70,190,19.39058172,0.259,33
Floyd Rayford,R,70,190,19.39058172,0.244,38
Ozzie Osborn,R,74,195,19.460881,0,0
Kevin Bearse,L,74,195,19.460881,0,0
Larry Haney,R,74,195,19.460881,0.215,12
Don Lock,R,74,195,19.460881,0.238,122
George Mitterwald,R,74,195,19.460881,0.236,76
John Hale,L,74,195,19.460881,0.201,14
Reggie Ritter,L,74,195,19.460881,0,0
Mike Diaz,R,74,195,19.460881,0.247,31
Jeff Peterek,R,74,195,19.460881,0,0
Jim Spencer,L,74,195,19.460881,0.25,146
Pete Filson,B,74,195,19.460881,0,0
Jim Essian,R,74,195,19.460881,0.244,33
Bob Jones,L,74,195,19.460881,0.221,20
Mike Brown,R,74,195,19.460881,0.265,23
Mike Brown,R,74,195,19.460881,0,0
Lee Thomas,L,74,195,19.460881,0.255,106
Curt Blefary,L,74,195,19.460881,0.237,112
Gary Ward,R,74,195,19.460881,0.276,130
Mike Pazik,L,74,195,19.460881,0,0
Cap Peterson,R,74,195,19.460881,0.23,19
Bob Boone,R,74,195,19.460881,0.254,105
Don Wilson,R,74,195,19.460881,0.146,1
Gary Alexander,R,74,195,19.460881,0.23,55
Ivan Murrell,R,74,195,19.460881,0.236,33
Mike Schmidt,R,74,195,19.460881,0.267,548
Ron Swoboda,R,74,195,19.460881,0.242,73
Mike Young,B,74,195,19.460881,0.247,72
Bryan Kelly,R,74,195,19.460881,0,0
Dave Hilton,R,71,191,19.4621858,0.213,6
Jim Umbarger,L,78,200,19.5,0,0
Jim Price,R,72,192,19.53125,0.214,18
Bobby Valentine,R,70,189,19.59631589,0.26,12
Tom Nieto,R,73,193,19.59784155,0.205,5
Les Straker,R,73,193,19.59784155,0,0
Butch Hobson,R,73,193,19.59784155,0.248,98
Thurman Munson,R,71,190,19.66759003,0.292,113
Mike Paxton,R,71,190,19.66759003,0,0
Skip Jutze,R,71,190,19.66759003,0.215,3
Jeff Byrd,R,75,195,19.72386588,0,0
Jerry Garvin,L,75,195,19.72386588,0,0
Scot Thompson,L,75,195,19.72386588,0.262,5
Rick Rhoden,R,75,195,19.72386588,0.238,9
Dave Roberts,L,75,195,19.72386588,0.194,7
George Hendrick,R,75,195,19.72386588,0.278,267
Bob Knepper,L,75,195,19.72386588,0.137,6
Ted Cox,R,75,195,19.72386588,0.245,10
Bruce Bochte,L,75,195,19.72386588,0.282,100
Jeff Schneider,B,75,195,19.72386588,0,0
Jeff Shaver,R,75,195,19.72386588,0,0
Clint Hurdle,L,75,195,19.72386588,0.259,32
Mike Andrews,R,75,195,19.72386588,0.258,66
Bill Fulton,R,75,195,19.72386588,0,0
Jim Burton,R,75,195,19.72386588,0,0
Lee May,R,75,195,19.72386588,0.267,354
Mike Shannon,R,75,195,19.72386588,0.255,68
Gary Lance,B,75,195,19.72386588,0,0
Doug Frobel,L,76,196,19.78342357,0.201,20
Rick Joseph,R,73,192,19.80251736,0.243,13
Steve Hovley,L,70,188,19.80534178,0.258,8
Nardi Contreras,B,74,193,19.86630514,0,0
Larry Hisle,R,74,193,19.86630514,0.273,166
John Wockenfuss,R,72,190,19.94459834,0.262,86
Kevin Stanfield,L,72,190,19.94459834,0,0
Joe Azcue,R,72,190,19.94459834,0.252,50
Sal Butera,R,72,190,19.94459834,0.227,8
Ron Santo,R,72,190,19.94459834,0.277,342
Bob Didier,B,72,190,19.94459834,0.229,0
Ken Gerhart,R,72,190,19.94459834,0.221,24
Duane Josephson,R,72,190,19.94459834,0.258,23
Roger Freed,R,72,190,19.94459834,0.245,22
Mike Easler,L,72,190,19.94459834,0.293,118
Milt May,L,72,190,19.94459834,0.263,77
Chris Cannizzaro,R,72,190,19.94459834,0.235,18
Claudell Washington,L,72,190,19.94459834,0.278,164
Steve Yeager,R,72,190,19.94459834,0.228,102
Ike Brown,R,72,190,19.94459834,0.256,20
Steve Brye,R,72,190,19.94459834,0.258,30
Bob Kearney,R,72,190,19.94459834,0.233,27
Jim Sundberg,R,72,190,19.94459834,0.248,95
Bob Molinaro,L,72,190,19.94459834,0.264,14
Alan Knicely,R,72,190,19.94459834,0.213,12
Bobby Clark,R,72,190,19.94459834,0.239,19
R.J. Reynolds,B,72,190,19.94459834,0.267,35
Keith Moreland,R,72,190,19.94459834,0.279,121
Chet Lemon,R,72,190,19.94459834,0.273,215
Mel Stottlemyre,R,72,190,19.94459834,0,0
Clay Dalrymple,L,72,190,19.94459834,0.233,55
Catfish Hunter,R,72,190,19.94459834,0.226,6
Hank Allen,R,72,190,19.94459834,0.241,6
Gene Tenace,R,72,190,19.94459834,0.241,201
Jack Billingham,R,76,195,19.98685076,0.111,0
Ron Romanick,R,76,195,19.98685076,0,0
Chris Batton,R,76,195,19.98685076,0,0
Nelson Mathews,R,76,195,19.98685076,0.223,22
Terry Harper,R,76,195,19.98685076,0.253,36
Gorman Heimueller,L,76,195,19.98685076,0,0
Tom Haller,L,76,195,19.98685076,0.257,134
Bombo Rivera,R,70,187,20.01772999,0.265,10
Ed Hodge,L,74,192,20.07378472,0,0
Bobby Cuellar,R,71,188,20.08827524,0,0
Johnny Oates,L,71,188,20.08827524,0.25,14
Rick Monday,L,75,193,20.13476872,0.264,241
Vida Blue,B,72,189,20.15621063,0.104,4
Eric Wilkins,R,73,190,20.22160665,0,0
Fred Whitfield,L,73,190,20.22160665,0.253,108
Andy Etchebarren,R,73,190,20.22160665,0.235,49
Bruce Robbins,L,73,190,20.22160665,0,0
Don Baylor,R,73,190,20.22160665,0.26,338
Bert Bradley,B,73,190,20.22160665,0,0
Greg Erardi,R,73,190,20.22160665,0,0
Ned Yost,R,73,190,20.22160665,0.212,16
Johnny Briggs,L,73,190,20.22160665,0.253,139
Bill Sudakis,B,73,190,20.22160665,0.234,59
Bob Uecker,R,73,190,20.22160665,0.2,14
Mark Esser,R,73,190,20.22160665,0,0
Dave Smith,R,73,190,20.22160665,0,0
Craig Chamberlain,R,73,190,20.22160665,0,0
Roy Howell,L,73,190,20.22160665,0.261,80
Terry Francona,L,73,190,20.22160665,0.274,16
Joe Gaines,R,73,190,20.22160665,0.241,21
Jim Fregosi,R,73,190,20.22160665,0.265,151
Bobby Bonds,R,73,190,20.22160665,0.268,332
Butch Wynegar,B,73,190,20.22160665,0.255,65
Glenn Beckert,R,73,190,20.22160665,0.283,22
Bill Plummer,R,73,190,20.22160665,0.188,14
Dave May,L,70,186,20.23355301,0.251,96
Chris Knapp,R,77,195,20.24983563,0,0
Eric Soderholm,R,71,187,20.30369756,0.264,102
Jose Morales,R,71,187,20.30369756,0.287,26
Dan Driessen,L,71,187,20.30369756,0.267,153
Dick Allen,R,71,187,20.30369756,0.292,351
Jim Hickman,R,75,192,20.34505208,0.252,159
Bryan Oelkers,L,75,192,20.34505208,0,0
Rick Renick,R,72,188,20.37120869,0.221,20
Johnny Lewis,L,73,189,20.436158,0.227,22
Rich Rollins,R,70,185,20.45288532,0.269,77
Vic Correll,R,70,185,20.45288532,0.229,29
Chuck Harrison,R,70,185,20.45288532,0.238,17
Norm Miller,L,70,185,20.45288532,0.238,24
Jerry Grote,R,70,185,20.45288532,0.252,39
Ron Cey,R,70,185,20.45288532,0.261,316
Steve Nicosia,R,70,185,20.45288532,0.248,11
Tommie Reynolds,R,74,190,20.49861496,0.226,12
Byron Browne,R,74,190,20.49861496,0.236,30
Nate Colbert,R,74,190,20.49861496,0.243,173
Phil Roof,R,74,190,20.49861496,0.215,43
Mark Brown,B,74,190,20.49861496,0,0
Bobby Brown,B,74,190,20.49861496,0.245,26
Rusty Staub,L,74,190,20.49861496,0.279,292
Art Howe,R,74,190,20.49861496,0.26,43
Jesus Alou,R,74,190,20.49861496,0.28,32
Dave Duncan,R,74,190,20.49861496,0.214,109
Bake McBride,L,74,190,20.49861496,0.299,63
Steve Henderson,R,74,190,20.49861496,0.28,68
Jack Hiatt,R,74,190,20.49861496,0.251,22
Jerry May,R,74,190,20.49861496,0.234,15
Tom Klawitter,R,74,190,20.49861496,0,0
Mike Overy,R,74,190,20.49861496,0,0
Len Matuszek,L,74,190,20.49861496,0.234,30
Jim Maloney,L,74,190,20.49861496,0.201,7
Rickey Keeton,R,74,190,20.49861496,0,0
Ted Uhlaender,L,74,190,20.49861496,0.263,36
Doug DeCinces,R,74,190,20.49861496,0.259,237
Bobby Darwin,R,74,190,20.49861496,0.251,83
Dennis DeBarr,L,74,190,20.49861496,0,0
Rick Lysander,R,74,190,20.49861496,0,0
Tom Grieve,R,74,190,20.49861496,0.249,65
John Hoover,R,74,190,20.49861496,0,0
Tom Dozier,R,74,190,20.49861496,0,0
Jim Beauchamp,R,74,190,20.49861496,0.231,14
Pete Mackanin,R,74,190,20.49861496,0.226,30
Ken Harrelson,R,74,190,20.49861496,0.239,131
Buck Rodgers,B,74,190,20.49861496,0.232,31
Duffy Dyer,R,72,187,20.58966513,0.221,30
Gary Gray,R,72,187,20.58966513,0.24,24
Jody Davis,R,76,192,20.61631944,0.245,127
Mike Hegan,L,73,188,20.65414215,0.242,53
Sam Bowens,R,73,188,20.65414215,0.223,45
Bill Robinson,R,74,189,20.71610537,0.258,166
Frank Tepedino,L,71,185,20.74506939,0.241,6
Jerry Buchek,R,71,185,20.74506939,0.22,22
Bo Diaz,R,71,185,20.74506939,0.255,87
Jim Ray Hart,R,71,185,20.74506939,0.278,170
Junior Moore,R,71,185,20.74506939,0.264,7
Rick Bosetti,R,71,185,20.74506939,0.25,17
Tom Makowski,R,71,185,20.74506939,0,0
Joe Pactwa,L,71,185,20.74506939,0,0
Gary Allenson,R,71,185,20.74506939,0.221,19
Gary Ignasiak,R,71,185,20.74506939,0,0
Billy North,B,71,185,20.74506939,0.261,20
Rich McKinney,R,71,185,20.74506939,0.225,20
Jim Gosger,L,71,185,20.74506939,0.226,30
Chico Escarrega,R,71,185,20.74506939,0,0
Frank Eufemia,R,71,185,20.74506939,0,0
Max Alvis,R,71,185,20.74506939,0.247,111
Ralph Garr,L,71,185,20.74506939,0.306,75
Bob Brower,R,71,185,20.74506939,0.242,17
Mike Squires,L,71,185,20.74506939,0.26,6
Dave McNally,R,71,185,20.74506939,0.133,9
Ellie Rodriguez,R,71,185,20.74506939,0.245,16
Dick Ruthven,R,75,190,20.77562327,0.183,1
Ken McMullen,R,75,190,20.77562327,0.248,156
Cito Gaston,R,75,190,20.77562327,0.256,91
Larry Parrish,R,75,190,20.77562327,0.263,256
Joe Skalski,R,75,190,20.77562327,0,0
Jim Northrup,L,75,190,20.77562327,0.267,153
Dick Davis,R,75,190,20.77562327,0.265,27
Roger Weaver,R,75,190,20.77562327,0,0
Tommie Aaron,R,75,190,20.77562327,0.229,13
Jim Gideon,R,75,190,20.77562327,0,0
Roger Repoz,L,75,190,20.77562327,0.224,82
Larry Anderson,R,75,190,20.77562327,0,0
Al Woods,L,75,190,20.77562327,0.271,35
John Hobbs,R,75,190,20.77562327,0,0
Barry Bonnell,R,75,190,20.77562327,0.272,56
Larry Herndon,R,75,190,20.77562327,0.274,107
Sonny Siebert,R,75,190,20.77562327,0.173,12
Roger Slagle,R,75,190,20.77562327,0,0
Fred Howard,R,75,190,20.77562327,0,0
Jim Lewis,R,75,190,20.77562327,0,0
Ron Hunt,R,72,186,20.81165453,0.273,39
Jim Nettles,L,72,186,20.81165453,0.22,16
John Vukovich,R,73,187,20.8756327,0.161,6
Bobby Wine,R,73,187,20.8756327,0.215,30
Willie Stargell,L,74,188,20.9370756,0.282,475
Darrel Chaney,B,74,188,20.9370756,0.217,14
Jim French,L,68,180,20.98765432,0.196,5
Fritz Peterson,B,72,185,21.03725347,0.159,2
John Stearns,R,72,185,21.03725347,0.26,46
Joe Lovitto,B,72,185,21.03725347,0.216,4
Willie Norwood,R,72,185,21.03725347,0.242,18
Joel McKeon,L,72,185,21.03725347,0,0
Chris Brown,R,72,185,21.03725347,0.269,38
Mike Champion,R,72,185,21.03725347,0.229,2
Ron Pruitt,R,72,185,21.03725347,0.269,12
Duane Walker,L,72,185,21.03725347,0.229,24
Joe Keough,L,72,185,21.03725347,0.246,9
Frank Fernandez,R,72,185,21.03725347,0.199,39
Ray Webster,L,72,185,21.03725347,0.244,17
Juan Marichal,R,72,185,21.03725347,0.165,4
John Milner,L,72,185,21.03725347,0.249,131
Bill Buckner,L,72,185,21.03725347,0.289,174
Willie Upshaw,L,72,185,21.03725347,0.262,123
Ken Retzer,L,72,185,21.03725347,0.264,14
Luis Aponte,R,72,185,21.03725347,0,0
Cleon Jones,R,72,185,21.03725347,0.281,93
Bob Davidson,R,72,185,21.03725347,0,0
Rich Wortham,R,72,185,21.03725347,0,0
Phil Bradley,R,72,185,21.03725347,0.286,78
Rob Andrews,R,72,185,21.03725347,0.251,3
Steve Ontiveros,B,72,185,21.03725347,0.274,24
Roy Foster,R,72,185,21.03725347,0.253,45
Denis Menke,R,72,185,21.03725347,0.25,101
Gary Sutherland,R,72,185,21.03725347,0.243,24
John Kennedy,R,72,185,21.03725347,0.225,32
Albert Williams,R,76,190,21.05263158,0,0
Dave Ford,R,76,190,21.05263158,0,0
T.R. Bryden,R,76,190,21.05263158,0,0
Mike Darr,R,76,190,21.05263158,0,0
Karl Best,R,76,190,21.05263158,0,0
Keith Macwhorter,R,76,190,21.05263158,0,0
Alan Wirth,R,76,190,21.05263158,0,0
Rich Yett,R,74,187,21.16160027,0,0
Bob Coluccio,R,71,183,21.20099137,0.22,26
Darrell Brown,B,72,184,21.26654064,0.274,1
Jerry Turner,L,69,180,21.2962963,0.257,45
John LaRose,L,73,185,21.32943755,0,0
Gil Patterson,R,73,185,21.32943755,0,0
Syd O'Brien,R,73,185,21.32943755,0.23,24
Tom Satriano,L,73,185,21.32943755,0.225,21
Randy Scarbery,B,73,185,21.32943755,0,0
Benny Ayala,R,73,185,21.32943755,0.251,38
Dan Ford,R,73,185,21.32943755,0.27,121
Joe Niekro,R,73,185,21.32943755,0.156,1
Denny McLain,R,73,185,21.32943755,0.133,1
Manny Jimenez,L,73,185,21.32943755,0.272,26
Lou Clinton,R,73,185,21.32943755,0.247,65
Tim Cullen,R,73,185,21.32943755,0.22,9
Leon Durham,L,73,185,21.32943755,0.277,147
Fred Lynn,L,73,185,21.32943755,0.283,306
Tom Gilles,R,73,185,21.32943755,0,0
Ron Hodges,L,73,185,21.32943755,0.24,19
Roy Smalley,B,73,185,21.32943755,0.257,163
Pete Ward,L,73,185,21.32943755,0.254,98
Randy Wiles,L,73,185,21.32943755,0,0
Paul Dade,R,73,185,21.32943755,0.27,10
Ray Knight,R,73,185,21.32943755,0.271,84
Dave Stapleton,L,73,185,21.32943755,0,0
Mike Kinnunen,L,73,185,21.32943755,0,0
Pat Kelly,L,73,185,21.32943755,0.264,76
Bruce Miller,R,73,185,21.32943755,0.246,1
Mickey Stanley,R,73,185,21.32943755,0.248,117
Fred Kendall,R,73,185,21.32943755,0.234,31
Ted Savage,R,73,185,21.32943755,0.233,34
Dwayne Murphy,L,73,185,21.32943755,0.246,166
Don Sutton,R,73,185,21.32943755,0.144,0
Don Cooper,R,73,185,21.32943755,0,0
Rick Jones,L,77,190,21.32963989,0,0
Sam McDowell,L,77,190,21.32963989,0.154,2
Greg Thayer,R,71,182,21.43460935,0,0
Tony Armas,R,71,182,21.43460935,0.252,251
Chuck Porter,R,75,187,21.44756785,0,0
Tommy McCraw,L,72,183,21.49959688,0.246,75
Danny Thompson,R,72,183,21.49959688,0.248,15
Jerry Augustine,L,72,183,21.49959688,0,0
Ted Ford,R,70,180,21.60493827,0.219,17
Allan Ramirez,R,70,180,21.60493827,0,0
Aurelio Rodriguez,R,70,180,21.60493827,0.237,124
Mickey Brantley,R,70,180,21.60493827,0.259,32
Dick Green,R,70,180,21.60493827,0.24,80
Steve Braun,L,70,180,21.60493827,0.271,52
Broderick Perkins,L,70,180,21.60493827,0.271,8
Jesse Gonder,L,70,180,21.60493827,0.251,26
Steve Eddy,R,74,185,21.62162162,0,0
Bruce Boisclair,L,74,185,21.62162162,0.263,10
Billy Smith,B,74,185,21.62162162,0.23,17
Jim Mason,L,74,185,21.62162162,0.203,12
Gary Matthews,R,74,185,21.62162162,0.281,234
Gary Woods,R,74,185,21.62162162,0.243,13
Ron Musselman,R,74,185,21.62162162,0,0
Rick Kreuger,R,74,185,21.62162162,0,0
Rob Picciolo,R,74,185,21.62162162,0.234,17
Jeff Twitty,L,74,185,21.62162162,0,0
Ron Oester,B,74,185,21.62162162,0.265,42
Jerry Zimmerman,R,74,185,21.62162162,0.204,3
Ron Stone,L,74,185,21.62162162,0.241,6
Stan Thomas,R,74,185,21.62162162,0,0
Joe Pepitone,L,74,185,21.62162162,0.258,219
Alex Sanchez,R,74,185,21.62162162,0,0
Alan Ashby,B,74,185,21.62162162,0.245,90
Colby Ward,R,74,185,21.62162162,0,0
Daryl Sconiers,L,74,185,21.62162162,0.265,15
Shawn Holman,R,74,185,21.62162162,0,0
Larry Harlow,L,74,185,21.62162162,0.248,12
Jerry Mumphrey,B,74,185,21.62162162,0.289,70
Willie Smith,L,72,182,21.73650525,0.248,46
Lou Piniella,R,72,182,21.73650525,0.291,102
Dave Johnson,R,73,183,21.79820239,0,0
Jim Dorsey,R,79,190,21.88365651,0,0
Bobby Cox,R,71,180,21.91358025,0.225,9
Elliott Maddox,R,71,180,21.91358025,0.261,18
Steve Jeltz,B,71,180,21.91358025,0.21,5
Ed Spiezio,R,71,180,21.91358025,0.238,39
Leon Hooten,R,71,180,21.91358025,0,0
Hal McRae,R,71,180,21.91358025,0.29,191
Tom Hutton,L,71,180,21.91358025,0.248,22
Jose Cecena,R,71,180,21.91358025,0,0
Bob Stinson,B,71,180,21.91358025,0.25,33
Kiko Garcia,R,71,180,21.91358025,0.239,12
John Stephenson,L,71,180,21.91358025,0.216,12
Dan Meyer,L,71,180,21.91358025,0.253,86
Ray Sadecki,L,71,180,21.91358025,0.191,5
George Wright,B,71,180,21.91358025,0.245,42
Bill Madlock,R,71,180,21.91358025,0.305,163
Carlos Velazquez,R,71,180,21.91358025,0,0
Joe Wallis,B,71,180,21.91358025,0.244,16
Glen Cook,R,71,180,21.91358025,0,0
De Wayne Vaughn,R,71,180,21.91358025,0,0
Charlie Moore,R,71,180,21.91358025,0.261,36
Ed Stroud,L,71,180,21.91358025,0.237,14
Jeff Barkley,B,75,185,21.9138057,0,0
Gary Mielke,R,75,185,21.9138057,0,0
Terry Humphrey,R,75,185,21.9138057,0.211,6
Bobby Mitchell,R,75,185,21.9138057,0.235,21
Rob Woodward,R,75,185,21.9138057,0,0
Rich Reese,L,75,185,21.9138057,0.253,52
Alfredo Martinez,R,75,185,21.9138057,0,0
John Denny,R,75,185,21.9138057,0.17,0
Brian Snyder,L,75,185,21.9138057,0,0
Jeff Richardson,R,75,185,21.9138057,0,0
Tony Conigliaro,R,75,185,21.9138057,0.264,166
Rich Barnes,R,76,186,21.96785756,0,0
Denny Lemaster,R,73,182,22.03840116,0.13,4
Dave Marshall,L,73,182,22.03840116,0.246,16
Larry Cox,R,70,178,22.09317005,0.221,12
Angel Mangual,R,70,178,22.09317005,0.245,22
Luis Encarnacion,R,70,178,22.09317005,0,0
Bill Sharp,L,70,178,22.09317005,0.255,9
Dusty Baker,R,74,183,22.09680791,0.278,242
Gene Michael,B,74,183,22.09680791,0.229,15
John Butcher,R,76,185,22.20598977,0,0
Daryl Smith,R,76,185,22.20598977,0,0
Jim Lyttle,L,72,180,22.22222222,0.248,9
Kurt Bevacqua,R,72,180,22.22222222,0.236,27
Angel Salazar,R,72,180,22.22222222,0.212,2
Jake Gibbs,L,72,180,22.22222222,0.233,25
Billy Conigliaro,R,72,180,22.22222222,0.256,40
Jim Lefebvre,B,72,180,22.22222222,0.251,74
Steve Whitaker,L,72,180,22.22222222,0.23,24
Terry Crowley,L,72,180,22.22222222,0.25,42
Paul Householder,B,72,180,22.22222222,0.236,29
Dick Phillips,L,72,180,22.22222222,0.229,12
Pat Corrales,R,72,180,22.22222222,0.216,4
Bob Davis,R,72,180,22.22222222,0.197,6
Graig Nettles,L,72,180,22.22222222,0.248,390
Ken Reitz,R,72,180,22.22222222,0.26,68
Dan Briggs,L,72,180,22.22222222,0.195,12
Al Gallagher,R,72,180,22.22222222,0.263,11
Dewey Robinson,R,72,180,22.22222222,0,0
Keith Hernandez,L,72,180,22.22222222,0.296,162
Dane Iorg,L,72,180,22.22222222,0.276,14
Joel Youngblood,R,72,180,22.22222222,0.265,80
Jerry McNertney,R,72,180,22.22222222,0.237,27
Doug Clemens,L,72,180,22.22222222,0.229,12
Orlando Mercado,R,72,180,22.22222222,0.199,7
Jim Holt,L,72,180,22.22222222,0.265,19
Ron Roenicke,B,72,180,22.22222222,0.238,17
Phil Mankowski,L,72,180,22.22222222,0.264,8
Mike Lum,L,72,180,22.22222222,0.247,90
Dale Berra,R,72,180,22.22222222,0.236,49
Greg Pryor,R,72,180,22.22222222,0.25,14
Mark Souza,L,72,180,22.22222222,0,0
Mark Ciardi,R,72,180,22.22222222,0,0
Dennis Burtt,R,72,180,22.22222222,0,0
Mike Cubbage,L,72,180,22.22222222,0.258,34
Andres Mora,R,72,180,22.22222222,0.223,27
Julio Gotay,R,72,180,22.22222222,0.26,6
Luis Tiant,R,72,180,22.22222222,0.164,5
Bruce Ellingsen,L,72,180,22.22222222,0,0
Reggie Smith,B,72,180,22.22222222,0.287,314
Tom McCarthy,R,72,180,22.22222222,0,0
Rich Dauer,R,72,180,22.22222222,0.257,43
Tom O'Malley,L,72,180,22.22222222,0.256,13
Mick Kelleher,R,69,176,22.27530992,0.213,0
Tim Harkness,L,74,182,22.34029707,0.235,14
Tony Mack,R,70,177,22.34351559,0,0
Tim Foli,R,72,179,22.47120876,0.251,25
Denny Doyle,L,69,175,22.53061224,0.25,16
Floyd Robinson,L,69,175,22.53061224,0.283,67
Lynn Jones,R,69,175,22.53061224,0.252,7
Ken Suarez,R,69,175,22.53061224,0.227,5
Bill Sample,R,69,175,22.53061224,0.272,46
Rod Kanehl,R,73,180,22.5308642,0.241,6
Rick Wise,R,73,180,22.5308642,0.195,15
Gary Thomasson,L,73,180,22.5308642,0.249,61
Mike Trujillo,R,73,180,22.5308642,0,0
Johnny Jeter,R,73,180,22.5308642,0.244,18
Ozzie Virgil,R,73,180,22.5308642,0.243,98
Chuck Hinton,R,73,180,22.5308642,0.264,113
George Foster,R,73,180,22.5308642,0.274,348
Rick Manning,L,73,180,22.5308642,0.257,56
Terry Taylor,R,73,180,22.5308642,0,0
Mike Vail,R,73,180,22.5308642,0.279,34
Barry Evans,R,73,180,22.5308642,0.251,2
Richie Scheinblum,B,73,180,22.5308642,0.263,13
Rob Wilfong,L,73,180,22.5308642,0.248,39
Steve Dillard,R,73,180,22.5308642,0.243,13
Ken Walters,R,73,180,22.5308642,0.231,11
Dalton Jones,L,73,180,22.5308642,0.235,41
Buddy Bell,R,73,180,22.5308642,0.279,201
Phil Gagliano,R,73,180,22.5308642,0.238,14
Glenn Adams,L,73,180,22.5308642,0.28,34
Mack Jones,L,73,180,22.5308642,0.252,133
Wayne Krenchicki,L,73,180,22.5308642,0.266,15
Tom Tresh,B,73,180,22.5308642,0.245,153
Ken Rudolph,R,73,180,22.5308642,0.213,6
Terry Felton,R,73,180,22.5308642,0,0
Bob Bailey,R,73,180,22.5308642,0.257,189
Dave Campbell,R,73,180,22.5308642,0.213,20
Phil Linz,R,73,180,22.5308642,0.235,11
Don Hahn,R,73,180,22.5308642,0.236,7
Lyman Bostock,L,73,180,22.5308642,0.311,23
Wes Parker,B,73,180,22.5308642,0.267,64
Del Unser,L,73,180,22.5308642,0.258,87
Lee Mazzilli,B,73,180,22.5308642,0.259,93
Harry Spilman,L,73,180,22.5308642,0.237,18
Rick Leach,L,73,180,22.5308642,0.268,18
Phil Niekro,R,73,180,22.5308642,0.169,7
Frank Duffy,R,73,180,22.5308642,0.232,26
Tony Chevez,R,71,177,22.66270867,0,0
Joe Nossek,R,72,178,22.72440348,0.228,3
Randy Jones,R,72,178,22.72440348,0.132,0
Bruce Taylor,R,72,178,22.72440348,0,0
Tony Muser,L,74,180,22.83950617,0.259,7
Ray Chadwick,B,74,180,22.83950617,0,0
Omar Moreno,L,74,180,22.83950617,0.252,37
Fernando Arroyo,R,74,180,22.83950617,0,0
Ken Henderson,B,74,180,22.83950617,0.257,122
Keith Creel,R,74,180,22.83950617,0,0
Woody Woodward,R,74,180,22.83950617,0.236,1
Bobby Grich,R,74,180,22.83950617,0.266,224
Hal Lanier,R,74,180,22.83950617,0.228,8
Terry Harmon,R,74,180,22.83950617,0.233,4
Mike Bacsik,R,74,180,22.83950617,0,0
Phil Huffman,R,74,180,22.83950617,0,0
Willie Davis,L,74,180,22.83950617,0.279,182
Rod Gilbreath,R,74,180,22.83950617,0.248,14
Jerry Dybzinski,R,74,180,22.83950617,0.234,3
Larry Rothschild,L,74,180,22.83950617,0,0
Rusty Torres,B,70,175,22.85714286,0.212,35
Wayne Comer,R,70,175,22.85714286,0.229,16
Barry Raziano,B,70,175,22.85714286,0,0
Mike Hershberger,R,70,175,22.85714286,0.252,26
Jim Norris,L,70,175,22.85714286,0.264,7
Dave Chalk,R,70,175,22.85714286,0.252,15
Pedro Garcia,R,70,175,22.85714286,0.22,37
Bob Johnson,R,70,175,22.85714286,0.272,44
Biff Pocoroba,B,70,175,22.85714286,0.257,21
Ron Clark,R,70,175,22.85714286,0.189,5
Al Luplow,L,70,175,22.85714286,0.235,33
Bubba Morton,R,70,175,22.85714286,0.267,14
Tom Poquette,L,70,175,22.85714286,0.268,10
Phil Garner,R,70,175,22.85714286,0.26,109
Dick McAuliffe,L,71,176,22.92097107,0.247,197
Jay Pettibone,R,76,182,22.94408888,0,0
Mel Stottlemyre,R,73,178,23.0400202,0.16,7
Dave Stapleton,R,73,178,23.0400202,0.271,41
Luis Aguayo,R,69,173,23.05456246,0.236,37
Zach Crouch,L,75,180,23.14814815,0,0
Mike Smith,R,75,180,23.14814815,0,0
Ed Goodson,L,75,180,23.14814815,0.26,30
Craig Mitchell,R,75,180,23.14814815,0,0
John Caneira,R,75,180,23.14814815,0,0
Jeff Bettendorf,R,75,180,23.14814815,0,0
Tommy John,R,75,180,23.14814815,0.157,5
Bill Almon,R,75,180,23.14814815,0.254,36
Joe Nolan,L,71,175,23.18367347,0.263,27
Ivan DeJesus,R,71,175,23.18367347,0.254,21
Wayne Garrett,L,71,175,23.18367347,0.239,61
Dave Collins,B,71,175,23.18367347,0.272,32
Tim Flannery,L,71,175,23.18367347,0.255,9
Al Downing,R,71,175,23.18367347,0.127,2
Mike de la Hoz,R,71,175,23.18367347,0.251,25
U L Washington,B,71,175,23.18367347,0.251,27
Len Whitehouse,L,71,175,23.18367347,0,0
Jim Morrison,R,71,175,23.18367347,0.26,112
Lafayette Currence,B,71,175,23.18367347,0,0
Carl Yastrzemski,L,71,175,23.18367347,0.285,452
Craig Eaton,R,71,175,23.18367347,0,0
Tim Corcoran,L,71,175,23.18367347,0.27,12
Marvell Wynne,L,71,175,23.18367347,0.247,40
Jim Wohlford,R,71,175,23.18367347,0.26,21
Tito Landrum,R,71,175,23.18367347,0.249,13
John Castino,R,71,175,23.18367347,0.278,41
Jim Campbell,L,71,175,23.18367347,0,0
Jackie Gutierrez,R,71,175,23.18367347,0.237,4
Junior Kennedy,R,71,175,23.18367347,0.248,4
Tito Fuentes,B,71,175,23.18367347,0.268,45
Pedro Gonzalez,R,72,176,23.24380165,0.244,8
Bump Wills,B,69,172,23.32341806,0.266,36
Ollie Brown,R,74,178,23.35563691,0.265,102
Bob Burda,L,71,174,23.45091822,0.224,13
Paul Casanova,R,76,180,23.45679012,0.225,50
Jack Heidemann,R,72,175,23.51020408,0.211,9
Hector Torres,R,72,175,23.51020408,0.216,18
Steve Lombardozzi,R,72,175,23.51020408,0.233,20
Jose Roman,R,72,175,23.51020408,0,0
Rico Petrocelli,R,72,175,23.51020408,0.251,210
Jeff Stone,L,72,175,23.51020408,0.277,11
Pat Underwood,L,72,175,23.51020408,0,0
Ken Berry,R,72,175,23.51020408,0.255,58
Garry Hancock,L,72,175,23.51020408,0.247,12
Larry Stahl,L,72,175,23.51020408,0.232,36
Toby Harrah,R,72,175,23.51020408,0.264,195
Marv Breeding,R,72,175,23.51020408,0.25,7
Ted Kubiak,B,72,175,23.51020408,0.231,13
Bernie Allen,L,72,175,23.51020408,0.239,73
Roy Branch,R,72,175,23.51020408,0,0
Bob Veselic,R,72,175,23.51020408,0,0
John Lowenstein,L,72,175,23.51020408,0.253,116
Gene Richards,L,72,175,23.51020408,0.29,26
Bill Mooneyham,R,72,175,23.51020408,0,0
Mike Fiore,L,72,175,23.51020408,0.227,13
Duane Kuiper,L,72,175,23.51020408,0.271,1
Paul Popovich,B,72,175,23.51020408,0.233,14
Jimmie Hall,L,72,175,23.51020408,0.254,121
Joe Lis,R,72,175,23.51020408,0.233,32
Bill Paschall,R,72,175,23.51020408,0,0
John Bohnet,B,72,175,23.51020408,0,0
John Flinn,R,72,175,23.51020408,0,0
Todd Cruz,R,72,175,23.51020408,0.22,34
Bob Heise,R,72,175,23.51020408,0.247,1
Bob Barton,R,72,175,23.51020408,0.226,9
Bill Russell,R,72,175,23.51020408,0.263,46
Ron Davis,R,72,175,23.51020408,0.233,10
Ron Gardenhire,R,72,175,23.51020408,0.232,4
Rick Miller,L,72,175,23.51020408,0.269,28
Al Bumbry,L,68,170,23.52941176,0.281,54
Roberto Pena,R,68,170,23.52941176,0.245,13
Rich Coggins,L,68,170,23.52941176,0.265,12
Sandy Valdespino,L,68,170,23.52941176,0.23,7
Eddie Milner,L,71,173,23.72281065,0.253,42
Bernie Carbo,L,71,173,23.72281065,0.264,96
Mario Soto,R,72,174,23.78121284,0.132,1
Jerry Kutzler,L,73,175,23.83673469,0,0
Lee Lacy,R,73,175,23.83673469,0.286,91
Julian Javier,R,73,175,23.83673469,0.257,78
Tony Oliva,L,73,175,23.83673469,0.304,220
Jay Johnstone,L,73,175,23.83673469,0.267,102
Brian Allard,R,73,175,23.83673469,0,0
Adolfo Phillips,R,73,175,23.83673469,0.247,59
Craig Reynolds,L,73,175,23.83673469,0.256,42
Tom Veryzer,R,73,175,23.83673469,0.241,14
Mike Warren,R,73,175,23.83673469,0,0
Clint Zavaras,R,73,175,23.83673469,0,0
Hosken Powell,L,73,175,23.83673469,0.259,17
Bob Meacham,B,73,175,23.83673469,0.236,8
Byron McLaughlin,R,73,175,23.83673469,0,0
Jeff Sellers,R,73,175,23.83673469,0,0
Don Gordon,R,73,175,23.83673469,0,0
Glenn Hoffman,R,73,175,23.83673469,0.242,23
Bruce Benedict,R,73,175,23.83673469,0.242,18
Chris Speier,R,73,175,23.83673469,0.246,112
Ellie Hendricks,L,73,175,23.83673469,0.22,62
Brian Asselstine,L,73,175,23.83673469,0.254,12
Juan Bonilla,R,69,170,23.87543253,0.256,7
Gene Clines,R,69,170,23.87543253,0.277,5
Bucky Dent,R,69,170,23.87543253,0.247,40
Tony Gonzalez,L,69,170,23.87543253,0.286,103
Horace Clarke,B,69,170,23.87543253,0.256,27
Mike Tyson,R,69,170,23.87543253,0.241,27
Israel Sanchez,L,69,170,23.87543253,0,0
Rick Peters,B,69,170,23.87543253,0.277,2
Davey Lopes,R,69,170,23.87543253,0.263,155
Jimmie Schaffer,R,69,170,23.87543253,0.223,11
Felix Millan,R,71,172,23.99945917,0.279,22
Ron Brand,R,67,167,24.02380867,0.239,3
Wallace Johnson,B,72,173,24.05693475,0.255,5
Tony Perez,R,74,175,24.16326531,0.279,379
Steve Rogers,R,74,175,24.16326531,0.138,0
Ed Crosby,L,74,175,24.16326531,0.22,0
Bob Randall,R,74,175,24.16326531,0.257,1
John Pawlowski,R,74,175,24.16326531,0,0
Jack Hardy,R,74,175,24.16326531,0,0
Ken Holtzman,R,74,175,24.16326531,0.163,2
Mike Davis,L,74,175,24.16326531,0.259,91
Luis Quintana,L,74,175,24.16326531,0,0
Cesar Cedeno,R,74,175,24.16326531,0.285,199
Curt Kaufman,R,74,175,24.16326531,0,0
Luis Pujols,R,74,175,24.16326531,0.193,6
Ken Hubbs,R,74,175,24.16326531,0.247,14
Von Joshua,L,70,170,24.22145329,0.273,30
Jorge Orta,L,70,170,24.22145329,0.278,130
Jim Pankovits,R,70,170,24.22145329,0.25,9
Bobby Klaus,R,70,170,24.22145329,0.208,6
Bobby Mitchell,L,70,170,24.22145329,0.243,3
Barbaro Garbey,R,70,170,24.22145329,0.267,11
Jerry Hairston,B,70,170,24.22145329,0.258,30
George Smith,R,70,170,24.22145329,0.205,9
Bill Stein,R,70,170,24.22145329,0.267,44
Joe Lefebvre,L,70,170,24.22145329,0.258,31
Carl Warwick,R,70,170,24.22145329,0.248,31
Ruppert Jones,L,70,170,24.22145329,0.25,147
Ed Charles,R,70,170,24.22145329,0.263,86
Todd Fischer,R,70,170,24.22145329,0,0
Walt Williams,R,66,165,24.24242424,0.27,33
Larvell Blanks,R,68,167,24.38237298,0.253,20
Tom Matchick,L,73,173,24.39105884,0.215,4
Danny Fife,R,75,175,24.48979592,0,0
Joe Simpson,L,75,175,24.48979592,0.242,9
Garry Maddox,R,75,175,24.48979592,0.285,117
Thad Bosley,L,75,175,24.48979592,0.272,20
Johnny Grubb,L,75,175,24.48979592,0.278,99
Juan Nieves,L,75,175,24.48979592,0,0
Eric Hetzel,R,75,175,24.48979592,0,0
Joe Strain,R,70,169,24.50894577,0.25,1
Len Randle,B,70,169,24.50894577,0.257,27
Dick Simpson,R,76,176,24.53512397,0.207,15
Lou Brock,L,71,170,24.56747405,0.293,149
Rich Morales,R,71,170,24.56747405,0.195,6
Chuck Hiller,L,71,170,24.56747405,0.243,20
Dave Cash,R,71,170,24.56747405,0.283,21
Mario Mendoza,R,71,170,24.56747405,0.215,4
Mickey Klutts,R,71,170,24.56747405,0.241,14
Rich Chiles,L,71,170,24.56747405,0.254,6
Johnny Ray,B,71,170,24.56747405,0.29,53
Hector Cruz,R,71,170,24.56747405,0.225,39
Tony Arnold,R,71,170,24.56747405,0,0
Bobby Tolan,L,71,170,24.56747405,0.265,86
Randy Hundley,R,71,170,24.56747405,0.236,82
Lou Johnson,R,71,170,24.56747405,0.258,48
Buddy Bradford,R,71,170,24.56747405,0.226,52
Merritt Ranew,L,71,170,24.56747405,0.247,8
Bob Bailor,R,71,170,24.56747405,0.264,9
Bill Castro,R,71,170,24.56747405,0,0
Paul Wilmet,R,71,170,24.56747405,0,0
Garth Iorg,R,71,170,24.56747405,0.258,20
Tim Blackwell,B,71,170,24.56747405,0.228,6
Tom Lawless,R,71,170,24.56747405,0.207,2
Alan Bannister,R,71,170,24.56747405,0.27,19
Ron Woods,R,70,168,24.8015873,0.233,26
Danny Ainge,R,76,175,24.81632653,0.22,2
Brad Wellman,R,72,170,24.91349481,0.231,6
Ed Brinkman,R,72,170,24.91349481,0.224,60
Marty Martinez,B,72,170,24.91349481,0.243,0
Otto Velez,R,72,170,24.91349481,0.251,78
Ken Boswell,L,72,170,24.91349481,0.248,31
Mike Phillips,L,72,170,24.91349481,0.24,11
Mike Richardt,R,72,170,24.91349481,0.226,4
Billy Cowan,R,72,170,24.91349481,0.236,40
Jose Cruz,L,72,170,24.91349481,0.284,165
Rod Carew,L,72,170,24.91349481,0.328,92
Joe Horlen,R,72,170,24.91349481,0.134,0
Rufino Linares,R,72,170,24.91349481,0.27,11
Jim Anderson,R,72,170,24.91349481,0.218,13
Lenny Faedo,R,72,170,24.91349481,0.251,5
Stan Papi,R,72,170,24.91349481,0.218,7
De Wayne Buice,R,72,170,24.91349481,0,0
Ty Cline,L,72,170,24.91349481,0.238,6
Eddie Leon,R,72,170,24.91349481,0.236,24
Dave Edwards,R,72,170,24.91349481,0.237,14
Joaquin Andujar,B,72,170,24.91349481,0.127,5
Danny Cater,R,72,170,24.91349481,0.276,66
Willie Montanez,L,72,170,24.91349481,0.275,139
Rowland Office,L,72,170,24.91349481,0.259,32
Ron Theobald,R,68,165,24.97704316,0.248,2
Dave Rajsich,L,77,175,25.14285714,0,0
Chico Ruiz,B,72,169,25.20920136,0.24,2
Tom Brown,R,73,170,25.25951557,0,0
Mickey Lolich,B,73,170,25.25951557,0.11,0
Mike Ramsey,B,73,170,25.25951557,0.24,2
Vern Fuller,R,73,170,25.25951557,0.232,14
Andres Thomas,R,73,170,25.25951557,0.234,42
Mark Belanger,R,73,170,25.25951557,0.228,20
Bobby Knoop,R,73,170,25.25951557,0.236,56
Don Kessinger,B,73,170,25.25951557,0.252,14
Tim Johnson,L,73,170,25.25951557,0.223,0
Charley Smith,R,73,170,25.25951557,0.239,69
Frank Quilici,R,73,170,25.25951557,0.214,5
Davey Johnson,R,73,170,25.25951557,0.261,136
Jerry Kenney,L,73,170,25.25951557,0.237,7
Don Money,R,73,170,25.25951557,0.261,176
Curt Motton,R,68,164,25.2825699,0.213,25
Mike Sadek,R,69,165,25.34435262,0.226,5
Angel Moreno,L,69,165,25.34435262,0,0
Tommy Harper,R,69,165,25.34435262,0.257,146
Julio Cruz,B,69,165,25.34435262,0.237,23
Rudy Meoli,L,69,165,25.34435262,0.212,2
Jerry Remy,L,69,165,25.34435262,0.275,7
Paul Blair,R,72,168,25.51020408,0.25,134
Luis Sanchez,R,74,170,25.60553633,0,0
Wilbur Howard,B,74,170,25.60553633,0.25,6
Oswaldo Peraza,R,76,172,25.68956193,0,0
Gene Locklear,L,70,165,25.71166208,0.274,9
Tom Brookens,R,70,165,25.71166208,0.246,71
Jack Brohamer,L,70,165,25.71166208,0.245,30
Brian Dubois,L,70,165,25.71166208,0,0
Craig Robinson,R,70,165,25.71166208,0.219,0
Rafael Landestoy,B,70,165,25.71166208,0.237,4
Coco Laboy,R,70,165,25.71166208,0.233,28
Ted Sizemore,R,70,165,25.71166208,0.262,23
Mickey Rivers,L,70,165,25.71166208,0.295,61
Ken Landreaux,L,70,165,25.71166208,0.268,91
Fernando Gonzalez,R,70,165,25.71166208,0.235,17
Fred Stanley,R,70,165,25.71166208,0.216,10
Jim Dwyer,L,70,165,25.71166208,0.26,77
Alex Trevino,R,70,165,25.71166208,0.249,23
Rick Burleson,R,70,165,25.71166208,0.273,50
Billy Grabarkewitz,R,70,165,25.71166208,0.236,28
Tommy Helms,R,70,165,25.71166208,0.269,34
Winston Llenas,R,70,165,25.71166208,0.23,3
Sixto Lezcano,R,70,165,25.71166208,0.271,148
Onix Concepcion,R,66,160,25.78125,0.239,3
Art Shamsky,L,73,168,25.86451247,0.253,68
Jose Arcia,R,75,170,25.95155709,0.215,1
Charlie Mitchell,R,75,170,25.95155709,0,0
David Green,R,75,170,25.95155709,0.268,31
Jerry White,B,70,164,26.0261749,0.253,21
Frank White,R,71,165,26.07897153,0.255,160
Ray Oyler,R,71,165,26.07897153,0.175,15
Jackie Hernandez,R,71,165,26.07897153,0.208,12
Amos Otis,R,71,165,26.07897153,0.277,193
Doug Flynn,R,71,165,26.07897153,0.238,7
Jose Tartabull,L,71,165,26.07897153,0.261,2
Felix Torres,R,71,165,26.07897153,0.254,27
Paul Schaal,R,71,165,26.07897153,0.244,57
Reid Nichols,R,71,165,26.07897153,0.266,22
Vic Harris,B,71,165,26.07897153,0.217,13
Jerry Terrell,R,71,165,26.07897153,0.253,4
Dave Rader,L,71,165,26.07897153,0.257,30
Don Buford,B,67,160,26.171875,0.264,93
Joe Morgan,L,67,160,26.171875,0.271,268
Luis Alvarado,R,69,162,26.29172382,0.214,5
Enos Cabell,R,76,170,26.29757785,0.277,60
Tommy Dean,R,72,165,26.44628099,0.18,4
Jimmy Stewart,B,72,165,26.44628099,0.237,8
Cesar Geronimo,L,72,165,26.44628099,0.258,51
Roger Metzger,B,72,165,26.44628099,0.231,5
Ted Martinez,R,72,165,26.44628099,0.24,7
Jerry Royster,R,72,165,26.44628099,0.249,40
Steve Blass,R,72,165,26.44628099,0.172,1
Rick Auerbach,R,72,165,26.44628099,0.22,9
Mark Wagner,R,72,165,26.44628099,0.243,3
Luis Melendez,R,72,165,26.44628099,0.248,9
Ike Brookens,R,77,170,26.64359862,0,0
Don Wert,R,70,162,26.6727633,0.242,77
Tony Scott,B,72,164,26.76977989,0.249,17
Rafael Santana,R,73,165,26.81359045,0.246,13
Brian Giles,R,73,165,26.81359045,0.228,10
Rudy Law,L,73,165,26.81359045,0.271,18
Jim Wright,R,73,165,26.81359045,0,0
Damaso Garcia,R,73,165,26.81359045,0.283,36
Mike Fischlin,R,73,165,26.81359045,0.22,3
Elio Chacon,R,69,160,26.953125,0.232,4
Manny Castillo,B,69,160,26.953125,0.242,3
Lenn Sakata,R,69,160,26.953125,0.23,25
Matty Alou,L,69,160,26.953125,0.307,31
Boots Day,L,69,160,26.953125,0.256,8
Wayne Tolleson,B,69,160,26.953125,0.241,9
Julio Gonzalez,R,71,162,27.05380277,0.235,4
Johnnie LeMaster,R,74,165,27.18089991,0.222,22
Cecil Cooper,L,74,165,27.18089991,0.298,241
Larry Brown,R,70,160,27.34375,0.233,47
Bill Wilkinson,R,70,160,27.34375,0,0
Greg Gross,L,70,160,27.34375,0.287,7
Cookie Rojas,R,70,160,27.34375,0.263,54
Chico Salmon,R,70,160,27.34375,0.249,31
Chuck Schilling,R,70,160,27.34375,0.239,23
Narciso Elvira,L,70,160,27.34375,0,0
Gene Alley,R,70,160,27.34375,0.254,55
Brock Davis,L,70,160,27.34375,0.26,1
Nate Oliver,R,70,160,27.34375,0.226,2
Dave Nelson,R,70,160,27.34375,0.244,20
Bryan Little,B,70,160,27.34375,0.245,3
Manny Mota,R,70,160,27.34375,0.304,31
Roy White,B,70,160,27.34375,0.271,160
Jimmy Wynn,R,70,160,27.34375,0.25,291
Bert Campaneris,R,70,160,27.34375,0.259,79
Jack Perconte,L,70,160,27.34375,0.27,2
Jake Wood,R,73,163,27.47562949,0.25,35
Pepe Frias,R,70,159,27.68877813,0.24,1
Don Mason,L,71,160,27.734375,0.205,3
Oscar Gamble,L,71,160,27.734375,0.265,200
John Donaldson,L,71,160,27.734375,0.238,4
Bud Harrelson,B,71,160,27.734375,0.236,7
Rennie Stennett,R,71,160,27.734375,0.274,41
Buddy Biancalana,B,71,160,27.734375,0.205,6
Dave Rosello,R,71,160,27.734375,0.236,10
Bobby Murcer,L,71,160,27.734375,0.277,252
Dick Tracewski,R,71,160,27.734375,0.213,8
Rey Quinones,R,71,160,27.734375,0.243,29
Marty Perez,R,71,160,27.734375,0.246,22
Ed Romero,R,71,160,27.734375,0.247,8
Larry Milbourne,B,72,161,27.77670615,0.254,11
Rafael Vasquez,R,72,160,28.125,0,0
Derrel Thomas,B,72,160,28.125,0.249,43
Bob Dernier,R,72,160,28.125,0.255,23
Miguel Dilone,B,72,160,28.125,0.265,6
Rodney Scott,B,72,160,28.125,0.236,3
Doug Griffin,R,72,160,28.125,0.245,7
Al Weis,B,72,160,28.125,0.219,7
Dick Howser,R,68,155,28.30385016,0.248,16
Enzo Hernandez,R,68,155,28.30385016,0.224,2
Fred Norman,B,68,155,28.30385016,0.125,0
Pepe Mangual,R,70,157,28.398718,0.242,16
Tony Ferreira,L,73,160,28.515625,0,0
Cesar Tovar,R,69,155,28.72008325,0.278,46
Cesar Gutierrez,R,69,155,28.72008325,0.235,0
Dal Maxvill,R,71,157,28.80441397,0.217,6
Win Remmerswaal,R,74,160,28.90625,0,0
Ben Oglivie,L,74,160,28.90625,0.273,235
Bill Voss,L,74,160,28.90625,0.227,19
Alan Wiggins,B,74,160,28.90625,0.259,5
Larry Bowa,B,70,155,29.13631634,0.26,15
Ramon Pena,R,70,155,29.13631634,0,0
Mario Guerrero,R,70,155,29.13631634,0.257,7
Andre Robertson,R,70,155,29.13631634,0.251,5
Jerry Morales,R,70,155,29.13631634,0.259,95
Mike Edwards,R,70,154,29.51593861,0.25,2
Domingo Ramos,R,70,154,29.51593861,0.24,8
Francisco Barrios,R,71,155,29.55254943,0,0
Albert Hall,B,71,155,29.55254943,0.251,5
Ron Washington,R,71,155,29.55254943,0.261,20
Freddie Patek,R,65,148,29.67494522,0.242,41
Vic Davalillo,L,67,150,29.77777778,0.279,36
Frank Taveras,R,72,155,29.96878252,0.255,2
Glenn Hubbard,R,69,150,30.66666667,0.244,70
Larry Lintz,B,69,150,30.66666667,0.227,0
Sonny Jackson,L,69,150,30.66666667,0.251,7
Gil Garrido,R,69,150,30.66666667,0.237,1
Luis Gomez,R,69,150,30.66666667,0.21,0
Dave Concepcion,R,74,155,30.8012487,0.267,101
Jose Cardenal,R,70,150,31.11111111,0.275,138
Curt Ford,L,70,150,31.11111111,0.245,7
Juan Beniquez,R,71,150,31.55555556,0.274,79
Leo Cardenas,R,71,150,31.55555556,0.257,118
Ramon Manon,R,72,150,32,0,0
Manny Trillo,R,73,150,32.44444444,0.263,61
Sandy Alomar,B,69,140,35.20408163,0.245,13
